id,telefono_movil,email,dni,nombre
2000,+34600000000,cliente0@mail.com,10000000X,Cliente 0
2001,+34600000001,cliente1@mail.com,10000001X,Cliente 1
2002,+34600000002,cliente2@mail.com,10000002X,Cliente 2
2003,+34600000003,cliente3@mail.com,10000003X,Cliente 3
2004,+34600000004,cliente4@mail.com,10000004X,Cliente 4
2005,+34600000005,cliente5@mail.com,10000005X,Cliente 5
2006,+34600000005,cliente6@mail.com,10000006X,Cliente 6
2007,+34600000007,cliente7@mail.com,10000007X,Cliente 7
2008,+34600000008,cliente8@mail.com,10000008X,Cliente 8
2009,+34600000009,cliente9@mail.com,10000009X,Cliente 9
2010,+34600000010,cliente10@mail.com,10000010X,Cliente 10
2011,+34600000011,cliente11@mail.com,10000011X,Cliente 11
2012,+34600000012,cliente12@mail.com,10000012X,Cliente 12
2013,+34600000013,cliente13@mail.com,10000013X,Cliente 13
2014,+34600000014,cliente14@mail.com,10000014X,Cliente 14
2015,+34600000015,cliente15@mail.com,10000015X,Cliente 15
2016,+34600000016,cliente16@mail.com,10000016X,Cliente 16
2017,+34600000017,cliente17@mail.com,10000017X,Cliente 17
2018,+34600000018,cliente18@mail.com,10000018X,Cliente 18
2019,+34600000019,cliente19@mail.com,10000019X,Cliente 19
2020,+34600000020,cliente20@mail.com,10000020X,Cliente 20
2021,+34600000021,cliente21@mail.com,10000021X,Cliente 21
2022,+34600000022,cliente22@mail.com,10000022X,Cliente 22
2023,+34600000023,cliente23@mail.com,10000023X,Cliente 23
2024,+34600000024,cliente24@mail.com,10000024X,Cliente 24
2025,+34600000025,cliente25@mail.com,10000025X,Cliente 25
2026,+34600000026,cliente26@mail.com,10000026X,Cliente 26
2027,+34600000027,cliente27@mail.com,10000027X,Cliente 27
2028,+34600000028,cliente28@mail.com,10000028X,Cliente 28
2029,+34600000029,cliente29@mail.com,10000029X,Cliente 29
